{"report": {"environment": {}, "tests": [], "summary": {"num_tests": 0, "duration": 0.21608638763427734}, "created_at": "2018-08-01 00:31:19.559016"}}