{"report": {"environment": {}, "tests": [], "summary": {"num_tests": 0, "duration": 0.2299046516418457}, "created_at": "2018-08-01 00:29:51.924892"}}